Полимерные трубы;Трубы для водоснабжения;https://pipeprice.ru/catalog/dlya-vodosnabzheniya/
Полимерные трубы;Трубы для внутренней канализации;https://pipeprice.ru/catalog/truby-dlya-kanalizatsii/
Полимерные трубы;Гофрированные канализационные трубы;https://pipeprice.ru/catalog/gofrirovannye-kanalizatsionnye-truby/
Полимерные трубы;Трубы для защиты и прокладки кабеля;https://pipeprice.ru/catalog/truby-dlya-zashchity-kabelya/
Полимерные трубы;Трубы для наружной канализации;https://pipeprice.ru/catalog/truby-dlya-naruzhnoy-kanalizatsii/
Полимерные трубы;Трубы для отопления;https://pipeprice.ru/catalog/truby-dlya-otopleniya/
Полимерные трубы;Трубы дренажные;https://pipeprice.ru/catalog/truby-drenazhnye/
Полимерные трубы;Трубы ПНД для газоснабжения;https://pipeprice.ru/catalog/truby-dlya-gazosnabzheniya/
Водоотведение;Водоотводные лотки;https://pipeprice.ru/catalog/vodootvodnye-lotki/
Водоотведение;Воронки и трапы;https://pipeprice.ru/catalog/voronki-i-trapy/
Водоотведение;Дождеприемники (cистемы точечного водоотвода);https://pipeprice.ru/catalog/sistemy-tochechnogo-vodootvoda/
Водоотведение;Ливневые решетки;https://pipeprice.ru/catalog/livnevye-reshetki/
Водоотведение;Цоколи чугунные;https://pipeprice.ru/catalog/tsokoli-chugunnye/
Детали трубопроводов;Бочата стальные;https://pipeprice.ru/catalog/bochata-stalnye/
Детали трубопроводов;Воздухоотводчики и вантузы;https://pipeprice.ru/catalog/vozdukhootvodchiki-i-vantuzy/
Детали трубопроводов;Грувлок (Грувлочные соединения);https://pipeprice.ru/catalog/gruvlok-gruvlochnye-soedineniya/
Детали трубопроводов;Грязевики;https://pipeprice.ru/catalog/gryazeviki/
Детали трубопроводов;Днища стальные;https://pipeprice.ru/catalog/dnishcha-stalnye/
Детали трубопроводов;Заглушки стальные;https://pipeprice.ru/catalog/zaglushki-stalnye/
Детали трубопроводов;Компенсаторы;https://pipeprice.ru/catalog/kompensatory/
Детали трубопроводов;Крепеж;https://pipeprice.ru/catalog/krepezh/
Детали трубопроводов;Опоры трубопроводов;https://pipeprice.ru/catalog/opory-truboprovodov/
Детали трубопроводов;Отводы стальные крутоизогнутые;https://pipeprice.ru/catalog/otvody-stalnye/
Детали трубопроводов;Переходы стальные;https://pipeprice.ru/catalog/perekhody-stalnye/
Детали трубопроводов;Резьбы стальные;https://pipeprice.ru/catalog/rezby-stalnye/
Детали трубопроводов;Ремонтно-соединительная арматура для труб;https://pipeprice.ru/catalog/remontno-soedinitelnaya-armatura-dlya-trub/
Детали трубопроводов;Сгоны стальные;https://pipeprice.ru/catalog/sgony-stalnye/
Детали трубопроводов;Тройники стальные;https://pipeprice.ru/catalog/troyniki-stalnye/
Детали трубопроводов;Фильтры;https://pipeprice.ru/catalog/filtry/
Детали трубопроводов;Фланцевые детали трубопроводов;https://pipeprice.ru/catalog/flantsevye-detali-truboprovodov/
Детали трубопроводов;Фланцы;https://pipeprice.ru/catalog/flantsy/
Детали трубопроводов;Хомуты;https://pipeprice.ru/catalog/khomuty/
Детали трубопроводов;Шпильки стальные;https://pipeprice.ru/catalog/shpilki/
Детали трубопроводов;Элеваторы стальные;https://pipeprice.ru/catalog/elevatory-stalnye/
Трубопроводная арматура;Вентили запорные;https://pipeprice.ru/catalog/ventili-zapornye/
Трубопроводная арматура;Запорная арматура;https://pipeprice.ru/catalog/zapornaya-armatura/
Трубопроводная арматура;Клапаны регулирующие;https://pipeprice.ru/catalog/klapany-reguliruyushchie/
Трубопроводная арматура;Клапаны электромагнитные соленоидные;https://pipeprice.ru/catalog/klapany-elektromagnitnye-solenoidnye/
Трубопроводная арматура;Колонки управления задвижкой;https://pipeprice.ru/catalog/kolonki-upravleniya-zadvizhkoy/
Трубопроводная арматура;Конденсатоотводчики;https://pipeprice.ru/catalog/kondensatootvodchiki/
Трубопроводная арматура;Приборы учета и КИПиА;https://pipeprice.ru/catalog/pribory-ucheta-i-kipia/
Трубопроводная арматура;Регуляторы давления RTD;https://pipeprice.ru/catalog/regulyatory-davleniya-rtd/
Трубопроводная арматура;Регуляторы давления воды бытовые;https://pipeprice.ru/catalog/regulyatory-davleniya-vody-bytovye/
Трубопроводная арматура;Сантехника;https://pipeprice.ru/catalog/santekhnika/
Трубопроводная арматура;Клапаны запорные;https://pipeprice.ru/catalog/klapany-zapornye/
Трубопроводная арматура;Клапаны предохранительные;https://pipeprice.ru/catalog/klapany-predokhranitelnye/
Трубопроводная арматура;Регулирующая и балансировочная арматура;https://pipeprice.ru/catalog/reguliruyushchaya-i-balansirovochnaya-armatura/
Теплоизоляция и вентиляция;Адгезивы и герметики;https://pipeprice.ru/catalog/adgezivy-i-germetiki/
Теплоизоляция и вентиляция;Вентиляция;https://pipeprice.ru/catalog/ventilyatsiya/
Теплоизоляция и вентиляция;Гидроизоляционные шпонки;https://pipeprice.ru/catalog/gidroizolyatsionnye-shponki/
Теплоизоляция и вентиляция;Набивки сальниковые;https://pipeprice.ru/catalog/nabivki-salnikovye/
Теплоизоляция и вентиляция;Паронит;https://pipeprice.ru/catalog/paronit/
Теплоизоляция и вентиляция;Полимерно-битумная изоляция;https://pipeprice.ru/catalog/polimerno-bitumnaya-izolyatsiya/
Теплоизоляция и вентиляция;Теплоизоляция на основе вспененного каучука;https://pipeprice.ru/catalog/teploizolyatsiya-na-osnove-vspenennogo-kauchuka/
Теплоизоляция и вентиляция;Теплоизоляция на основе вспененного полиэтилена;https://pipeprice.ru/catalog/teploizolyatsiya-na-osnove-vspenennogo-polietilena/
Теплоизоляция и вентиляция;Теплоизоляция на основе минеральной ваты;https://pipeprice.ru/catalog/teploizolyatsiya-na-osnove-mineralnoy-vaty/
Теплоизоляция и вентиляция;Теплоизоляция на основе пенополистирола;https://pipeprice.ru/catalog/teploizolyatsiya-na-osnove-penopolistirola/
Теплоизоляция и вентиляция;Теплоизоляция на основе пенополиуретана (ППУ);https://pipeprice.ru/catalog/teploizolyatsiya-na-osnove-penopoliuretana/
Теплоизоляция и вентиляция;Техпластина резиновая;https://pipeprice.ru/catalog/tekhplastina-rezinovaya/
Теплоизоляция и вентиляция;Шнур резиновый;https://pipeprice.ru/catalog/shnur-rezinovyy/
Отопительное и насосное оборудование;Антифриз;https://pipeprice.ru/catalog/antifriz1/
Отопительное и насосное оборудование;Конвекторы;https://pipeprice.ru/catalog/konvektory/
Отопительное и насосное оборудование;Котлы;https://pipeprice.ru/catalog/kotly/
Отопительное и насосное оборудование;Мембранные баки;https://pipeprice.ru/catalog/membrannye-baki/
Отопительное и насосное оборудование;Насосы;https://pipeprice.ru/catalog/nasosy/
Отопительное и насосное оборудование;Радиаторы;https://pipeprice.ru/catalog/radiatory/
Отопительное и насосное оборудование;Регистры отопления;https://pipeprice.ru/catalog/registry-otopleniya/
Отопительное и насосное оборудование;Теплообменники;https://pipeprice.ru/catalog/teploobmenniki/
Отопительное и насосное оборудование;Электрощитовое оборудование;https://pipeprice.ru/catalog/elektroshchitovoe-oborudovanie/
Сэндвич-панели;Сэндвич-панели из минеральной ваты;https://pipeprice.ru/catalog/sendvich-paneli-iz-mineralnoy-vaty/
Сэндвич-панели;Сэндвич-панели из пенополистирола;https://pipeprice.ru/catalog/sendvich-paneli-iz-penopolistirola/
Сэндвич-панели;Сэндвич-панели из пенополиуретана (PUR);https://pipeprice.ru/catalog/sendvich-paneli-iz-penopoliuretana-pur/
Сэндвич-панели;Сэндвич-панели из полиизоцианурата;https://pipeprice.ru/catalog/sendvich-paneli-iz-poliizotsianurata/
Кровля;Водосточные системы;https://pipeprice.ru/catalog/vodostochnye-sistemy/
Кровля;Крепеж для монтажа кровли и забора;https://pipeprice.ru/catalog/krepezh-dlya-montazha-krovli-i-zabora/
Кровля;Лист окрашенный оцинкованный;https://pipeprice.ru/catalog/list-okrashennyy-otsinkovannyy/
Кровля;Металлочерепица;https://pipeprice.ru/catalog/metallocherepitsa/
Кровля;Профнастил;https://pipeprice.ru/catalog/profnastil/
Кровля;Профнастил алюминиевый;https://pipeprice.ru/catalog/profnastil-alyuminievyy/
Металлопрокат;Дробь стальная и чугунная;https://pipeprice.ru/catalog/drob-stalnaya-i-chugunnaya/
Металлопрокат;Лист перфорированный;https://pipeprice.ru/catalog/list-perforirovannyy-zapas/
Металлопрокат;Лист просечно-вытяжной ПВЛ;https://pipeprice.ru/catalog/list-prosechno-vytyazhnoy-pvl/
Металлопрокат;Листовой металлопрокат;https://pipeprice.ru/catalog/listovoy-metalloprokat/
Металлопрокат;Металлические изделия;https://pipeprice.ru/catalog/metallicheskie-izdeliya/
Металлопрокат;Настил решетчатый;https://pipeprice.ru/catalog/nastil-reshetchatyy/
Металлопрокат;Нержавейка;https://pipeprice.ru/catalog/nerzhaveyka/
Металлопрокат;Профиль стальной гнутый;https://pipeprice.ru/catalog/profil-stalnoy-gnutyy/
Металлопрокат;Сортовый металлопрокат;https://pipeprice.ru/catalog/sortovyy-metalloprokat/
Металлопрокат;Трубный металлопрокат;https://pipeprice.ru/catalog/truba/
ЖБИ изделия;Бордюрный камень;https://pipeprice.ru/catalog/bordyurnyy-kamen/
ЖБИ изделия;Днища колодцев;https://pipeprice.ru/catalog/dnishcha-kolodtsev/
ЖБИ изделия;Железобетонные коллекторы и камеры;https://pipeprice.ru/catalog/zhelezobetonnye-kollektory-i-kamery/
ЖБИ изделия;Кабельные колодцы;https://pipeprice.ru/catalog/kabelnye-kolodtsy/
ЖБИ изделия;Колодцы унифицированные;https://pipeprice.ru/catalog/kolodtsy-unifitsirovannye/
ЖБИ изделия;Кольца колодезные;https://pipeprice.ru/catalog/koltsa-kolodeznye/
ЖБИ изделия;Крышки колодцев;https://pipeprice.ru/catalog/kryshki-kolodtsev/
ЖБИ изделия;Лестницы и скобы;https://pipeprice.ru/catalog/lestnitsy-i-skoby/
ЖБИ изделия;Лотки и покрытия;https://pipeprice.ru/catalog/lotki-i-pokrytiya/
ЖБИ изделия;Люки;https://pipeprice.ru/catalog/lyuki-chugunnye/
ЖБИ изделия;Опорные плиты разгрузочные;https://pipeprice.ru/catalog/opornye-plity-razgruzochnye/
ЖБИ изделия;Стремянки водопроводных колодцев;https://pipeprice.ru/catalog/stremyanki-vodoprovodnykh-kolodtsev/
ЖБИ изделия;Трубы асбестоцементные;https://pipeprice.ru/catalog/truby-asbestotsementnye/
ЖБИ изделия;Трубы железобетонные;https://pipeprice.ru/catalog/truby-zhelezobetonnye/
ЖБИ изделия;Упоры бетонные серия 3.001.1-3;https://pipeprice.ru/catalog/upory-betonnye-seriya-3-001-1-3/
ЖБИ изделия;Фундамент;https://pipeprice.ru/catalog/fundament/
Пожарное оборудование;Гидранты пожарные и комплектующие;https://pipeprice.ru/catalog/gidranty-pozharnye-i-komplektuyushchie/
Пожарное оборудование;Клапаны пожарные;https://pipeprice.ru/catalog/klapany-pozharnye/
Пожарное оборудование;Комплектующие к пожарным шкафам;https://pipeprice.ru/catalog/komplektuyushchie-k-pozharnym-shkafam/
Пожарное оборудование;Муфты противопожарные;https://pipeprice.ru/catalog/mufty-protivopozharnye/
Пожарное оборудование;Огнетушители;https://pipeprice.ru/catalog/ognetushiteli/
Пожарное оборудование;Подставки под пожарный гидрант;https://pipeprice.ru/catalog/podstavki-pod-pozharnyy-gidrant/
Пожарное оборудование;Стволы, рукава, головки пожарные;https://pipeprice.ru/catalog/stvoly-rukava-golovki-pozharnye/
Пожарное оборудование;Шкафы пожарные;https://pipeprice.ru/catalog/shkafy-pozharnye/
